,track_id,track_name,album,artist,artist_id,release_date,track_id,danceability,energy,loudness,speechiness,acousticness,instrumentalness,liveness,valence,tempo
0,5r05D8kSXIY0mCy0HI0r7L,I Go To The Rock (with Georgia Mass Choir),I Go To The Rock: The Gospel Music Of Whitney Houston,Whitney Houston,6XpaIBNiVzIetEPCWDvAFP,2023-03-24,5r05D8kSXIY0mCy0HI0r7L,0.583,0.892,-3.131,0.0501,0.332,0,0.326,0.597,127.748
1,5AlGpKEfwDgjBJkNDiBYYc,Jesus Loves Me,I Go To The Rock: The Gospel Music Of Whitney Houston,Whitney Houston,6XpaIBNiVzIetEPCWDvAFP,2023-03-24,5AlGpKEfwDgjBJkNDiBYYc,0.527,0.529,-8.441,0.0303,0.544,8.75e-06,0.0604,0.251,134.228
2,7usDpdLfx4eUh0vdb6UZH6,He Can Use Me,I Go To The Rock: The Gospel Music Of Whitney Houston,Whitney Houston,6XpaIBNiVzIetEPCWDvAFP,2023-03-24,7usDpdLfx4eUh0vdb6UZH6,0.602,0.607,-6.801,0.0286,0.0055,0,0.105,0.361,108.061
3,2dlJbzCB3M4GsKTHx4JqC4,Joy to the World (with Georgia Mass Choir),I Go To The Rock: The Gospel Music Of Whitney Houston,Whitney Houston,6XpaIBNiVzIetEPCWDvAFP,2023-03-24,2dlJbzCB3M4GsKTHx4JqC4,0.425,0.772,-5.498,0.139,0.606,0,0.139,0.389,85.551
4,767NCpvhtPBaQKsHWEGbHh,"Bridge Over Troubled Water (with CeCe Winans) - Live VH1 Honors - June 22, 1995",I Go To The Rock: The Gospel Music Of Whitney Houston,Whitney Houston,6XpaIBNiVzIetEPCWDvAFP,2023-03-24,767NCpvhtPBaQKsHWEGbHh,0.297,0.85,-4.321,0.153,0.726,3.33e-05,0.981,0.508,146.229
5,5bbmTYR6MazBbd99nBH7zB,Testimony,I Go To The Rock: The Gospel Music Of Whitney Houston,Whitney Houston,6XpaIBNiVzIetEPCWDvAFP,2023-03-24,5bbmTYR6MazBbd99nBH7zB,0.626,0.937,-5.747,0.091,0.00206,0,0.0581,0.813,149.771
6,3llyIjhQmPOZxOj6NxizM8,I Look to You,I Go To The Rock: The Gospel Music Of Whitney Houston,Whitney Houston,6XpaIBNiVzIetEPCWDvAFP,2023-03-24,3llyIjhQmPOZxOj6NxizM8,0.544,0.349,-8.25,0.0296,0.555,7.02e-06,0.0973,0.0744,101.952
7,65QGMwTh15KhXgqjSCIWSr,His Eye Is On The Sparrow,I Go To The Rock: The Gospel Music Of Whitney Houston,Whitney Houston,6XpaIBNiVzIetEPCWDvAFP,2023-03-24,65QGMwTh15KhXgqjSCIWSr,0.375,0.307,-9.877,0.0389,0.96,0.00153,0.158,0.299,115.484
8,5drik4QzTAAmDJZDsy3KgJ,"Hold On, Help Is On The Way (with Georgia Mass Choir)",I Go To The Rock: The Gospel Music Of Whitney Houston,Whitney Houston,6XpaIBNiVzIetEPCWDvAFP,2023-03-24,5drik4QzTAAmDJZDsy3KgJ,0.444,0.896,-5.621,0.357,0.459,0,0.229,0.285,85.891
9,0W51HpLI4UocphHfPUpCuH,"This Day - Live VH1 Honors - June 22, 1995",I Go To The Rock: The Gospel Music Of Whitney Houston,Whitney Houston,6XpaIBNiVzIetEPCWDvAFP,2023-03-24,0W51HpLI4UocphHfPUpCuH,0.309,0.637,-4.184,0.0434,0.914,3.72e-05,0.908,0.316,113.328
10,6xNabIWkH6Ez3uwaDSYMNQ,I Found a Wonderful Way,I Go To The Rock: The Gospel Music Of Whitney Houston,Whitney Houston,6XpaIBNiVzIetEPCWDvAFP,2023-03-24,6xNabIWkH6Ez3uwaDSYMNQ,0.503,0.717,-6.002,0.0488,0.0688,0,0.109,0.575,129.934
11,7035ll76dWsCMQmaY6FOQW,Joy (with Georgia Mass Choir),I Go To The Rock: The Gospel Music Of Whitney Houston,Whitney Houston,6XpaIBNiVzIetEPCWDvAFP,2023-03-24,7035ll76dWsCMQmaY6FOQW,0.557,0.686,-6.377,0.0437,0.671,0,0.246,0.552,77.418
12,1GIuA6P535ZEPx0DnUvSWt,I Love The Lord (with Georgia Mass Choir),I Go To The Rock: The Gospel Music Of Whitney Houston,Whitney Houston,6XpaIBNiVzIetEPCWDvAFP,2023-03-24,1GIuA6P535ZEPx0DnUvSWt,0.268,0.322,-8.158,0.0307,0.702,7.7e-06,0.136,0.0726,107.221
13,7hfDgPS2UJ9KONiLeuqahK,"He / I Believe - Live at Yokohama Arena - January 2, 1990",I Go To The Rock: The Gospel Music Of Whitney Houston,Whitney Houston,6XpaIBNiVzIetEPCWDvAFP,2023-03-24,7hfDgPS2UJ9KONiLeuqahK,0.392,0.318,-7.907,0.0436,0.781,0,0.0868,0.204,118.705
14,1uMmvZ8fmYUinSVbs5HTpK,I Wanna Dance With Somebody (Who Loves Me),"I Wanna Dance With Somebody (The Movie: Whitney New, Classic and Reimagined)",Whitney Houston,6XpaIBNiVzIetEPCWDvAFP,2022-12-16,1uMmvZ8fmYUinSVbs5HTpK,0.829,0.743,-5.249,0.0556,0.111,0.0213,0.107,0.567,118.999
15,6mlAqqyX2KijOkS3uABXeD,Don't Cry For Me,"I Wanna Dance With Somebody (The Movie: Whitney New, Classic and Reimagined)",Whitney Houston,6XpaIBNiVzIetEPCWDvAFP,2022-12-16,6mlAqqyX2KijOkS3uABXeD,0.601,0.603,-8.483,0.0366,0.00819,0.000114,0.345,0.262,123.972
16,18QfMXWWtbAF03nEPnvu8c,Higher Love,"I Wanna Dance With Somebody (The Movie: Whitney New, Classic and Reimagined)",Whitney Houston,6XpaIBNiVzIetEPCWDvAFP,2022-12-16,18QfMXWWtbAF03nEPnvu8c,0.686,0.631,-8.744,0.0349,0.0149,5.57e-06,0.103,0.384,103.951
17,5fNNt02ml8UJE3SA8p1QtA,The Greatest Love Of All,"I Wanna Dance With Somebody (The Movie: Whitney New, Classic and Reimagined)",Whitney Houston,6XpaIBNiVzIetEPCWDvAFP,2022-12-16,5fNNt02ml8UJE3SA8p1QtA,0.673,0.914,-6.391,0.0726,0.115,0.000363,0.097,0.727,133.947
18,6qEdb6QJrDTtbCGaSEyVYW,I'm Every Woman,"I Wanna Dance With Somebody (The Movie: Whitney New, Classic and Reimagined)",Whitney Houston,6XpaIBNiVzIetEPCWDvAFP,2022-12-16,6qEdb6QJrDTtbCGaSEyVYW,0.726,0.715,-7.073,0.0622,0.00983,0.00132,0.093,0.571,119.496
19,22VVfcgjtL7XTemQcphB9N,How Will I Know,"I Wanna Dance With Somebody (The Movie: Whitney New, Classic and Reimagined)",Whitney Houston,6XpaIBNiVzIetEPCWDvAFP,2022-12-16,22VVfcgjtL7XTemQcphB9N,0.758,0.683,-5.465,0.0399,0.153,1.54e-06,0.242,0.663,119.001
20,0L1Yec6CsI9nuZDfCnlMn2,I Love The Lord,"I Wanna Dance With Somebody (The Movie: Whitney New, Classic and Reimagined)",Whitney Houston,6XpaIBNiVzIetEPCWDvAFP,2022-12-16,0L1Yec6CsI9nuZDfCnlMn2,0.692,0.412,-9.371,0.145,0.53,0.00416,0.37,0.487,130.063
21,1Q6iUBhR1uqoQfd8fzYGal,Don't Cry For Me - Darkchild Film Version,"I Wanna Dance With Somebody (The Movie: Whitney New, Classic and Reimagined)",Whitney Houston,6XpaIBNiVzIetEPCWDvAFP,2022-12-16,1Q6iUBhR1uqoQfd8fzYGal,0.484,0.287,-9.317,0.0294,0.0638,7.08e-06,0.119,0.131,124.013
22,7bCKWcPgXeTh1wVA0gUKBA,Honest (Heartbreak Hotel),"I Wanna Dance With Somebody (The Movie: Whitney New, Classic and Reimagined)",Whitney Houston,6XpaIBNiVzIetEPCWDvAFP,2022-12-16,7bCKWcPgXeTh1wVA0gUKBA,0.779,0.431,-9.535,0.0698,0.343,3.15e-06,0.0465,0.71,133.775
23,5xbqHSiuSYrYMNE92JjNhS,Okay (It's Not Right),"I Wanna Dance With Somebody (The Movie: Whitney New, Classic and Reimagined)",Whitney Houston,6XpaIBNiVzIetEPCWDvAFP,2022-12-16,5xbqHSiuSYrYMNE92JjNhS,0.834,0.6,-8.876,0.121,0.0531,0.00051,0.0726,0.54,115.967
24,2BpkPTOmDF3DSEyPD83YYz,You'll Never Stand Alone - Moto Blanco Remix,"I Wanna Dance With Somebody (The Movie: Whitney New, Classic and Reimagined)",Whitney Houston,6XpaIBNiVzIetEPCWDvAFP,2022-12-16,2BpkPTOmDF3DSEyPD83YYz,0.737,0.818,-7.307,0.0477,0.00894,6.24e-06,0.327,0.754,124.032
25,08Dk00t5EmgP1xrvrzj8CI,Love Will Save the Day - MATVEÏ Remix,"I Wanna Dance With Somebody (The Movie: Whitney New, Classic and Reimagined)",Whitney Houston,6XpaIBNiVzIetEPCWDvAFP,2022-12-16,08Dk00t5EmgP1xrvrzj8CI,0.683,0.738,-11.222,0.0463,0.00305,0.00129,0.0528,0.763,121.062
26,0ZbD82Oti96RcoQWlOW6Zs,Tomorrow,"I Wanna Dance With Somebody (The Movie: Whitney New, Classic and Reimagined)",Whitney Houston,6XpaIBNiVzIetEPCWDvAFP,2022-12-16,0ZbD82Oti96RcoQWlOW6Zs,0.524,0.199,-13.841,0.0298,0.829,0,0.0934,0.605,106.876
27,5ZJlQT4aKghvcgpeBY7KpA,Home - Live from The Merv Griffin Show,"I Wanna Dance With Somebody (The Movie: Whitney New, Classic and Reimagined)",Whitney Houston,6XpaIBNiVzIetEPCWDvAFP,2022-12-16,5ZJlQT4aKghvcgpeBY7KpA,0.496,0.409,-9.101,0.0488,0.733,0.00486,0.696,0.361,130.975
28,7JLzcSyFVzqX5vxUdMfDvm,You Give Good Love,"I Wanna Dance With Somebody (The Movie: Whitney New, Classic and Reimagined)",Whitney Houston,6XpaIBNiVzIetEPCWDvAFP,2022-12-16,7JLzcSyFVzqX5vxUdMfDvm,0.429,0.485,-8.958,0.044,0.718,0,0.0764,0.453,74.628
29,3vEMbafcnn2kCXRmWNw9FB,Saving All My Love for You,"I Wanna Dance With Somebody (The Movie: Whitney New, Classic and Reimagined)",Whitney Houston,6XpaIBNiVzIetEPCWDvAFP,2022-12-16,3vEMbafcnn2kCXRmWNw9FB,0.393,0.359,-10.092,0.0323,0.538,3.99e-05,0.0961,0.237,198.475
30,0iDSjpKH1oJdPbvNYjbUmH,If You Say My Eyes Are Beautiful (with Jermaine Jackson),"I Wanna Dance With Somebody (The Movie: Whitney New, Classic and Reimagined)",Whitney Houston,6XpaIBNiVzIetEPCWDvAFP,2022-12-16,0iDSjpKH1oJdPbvNYjbUmH,0.387,0.458,-8.443,0.0287,0.248,0,0.244,0.265,135.362
31,70JxZOkKzqWHOQQ4jrfKbn,Far Enough,"I Wanna Dance With Somebody (The Movie: Whitney New, Classic and Reimagined)",Whitney Houston,6XpaIBNiVzIetEPCWDvAFP,2022-12-16,70JxZOkKzqWHOQQ4jrfKbn,0.634,0.618,-11.528,0.0629,0.0588,0.000307,0.108,0.339,174.929
32,4rojjseHIftR2GSPneb7PV,I Wanna Dance with Somebody (Who Loves Me),"I Wanna Dance With Somebody (The Movie: Whitney New, Classic and Reimagined)",Whitney Houston,6XpaIBNiVzIetEPCWDvAFP,2022-12-16,4rojjseHIftR2GSPneb7PV,0.708,0.81,-8.71,0.0405,0.0607,0.00132,0.187,0.879,118.863
33,4UYVkfjU4OpCvk7P6CWVOO,So Emotional,"I Wanna Dance With Somebody (The Movie: Whitney New, Classic and Reimagined)",Whitney Houston,6XpaIBNiVzIetEPCWDvAFP,2022-12-16,4UYVkfjU4OpCvk7P6CWVOO,0.706,0.808,-8.193,0.0391,0.0875,0.000291,0.105,0.784,119.125
34,26PZl6vx9DBsGjVI9K1DMr,Where Do Broken Hearts Go,"I Wanna Dance With Somebody (The Movie: Whitney New, Classic and Reimagined)",Whitney Houston,6XpaIBNiVzIetEPCWDvAFP,2022-12-16,26PZl6vx9DBsGjVI9K1DMr,0.563,0.49,-8.272,0.0281,0.436,0,0.0578,0.209,123.79
35,4iv3mMfM6ybyP7kLVWK5E8,Moment Of Truth,"I Wanna Dance With Somebody (The Movie: Whitney New, Classic and Reimagined)",Whitney Houston,6XpaIBNiVzIetEPCWDvAFP,2022-12-16,4iv3mMfM6ybyP7kLVWK5E8,0.745,0.595,-9.518,0.0294,0.423,0.00026,0.118,0.877,110.667
36,5RN7NwHMIyQZfMEW5jdRHB,I'm Your Baby Tonight,"I Wanna Dance With Somebody (The Movie: Whitney New, Classic and Reimagined)",Whitney Houston,6XpaIBNiVzIetEPCWDvAFP,2022-12-16,5RN7NwHMIyQZfMEW5jdRHB,0.661,0.877,-8.305,0.0843,0.282,3.82e-06,0.283,0.864,165.144
37,3Wi5fPdbzSLnJ4zqL1Pfnr,The Star Spangled Banner (feat. The Florida Orchestra) - Live from Super Bowl XXV,"I Wanna Dance With Somebody (The Movie: Whitney New, Classic and Reimagined)",Whitney Houston,6XpaIBNiVzIetEPCWDvAFP,2022-12-16,3Wi5fPdbzSLnJ4zqL1Pfnr,0.205,0.402,-11.628,0.0357,0.732,0,0.898,0.37,94.299
38,5vOGEMTcx7ns5CtQ5y41lo,One Moment in Time,"I Wanna Dance With Somebody (The Movie: Whitney New, Classic and Reimagined)",Whitney Houston,6XpaIBNiVzIetEPCWDvAFP,2022-12-16,5vOGEMTcx7ns5CtQ5y41lo,0.262,0.521,-8.129,0.0348,0.451,0,0.0966,0.301,154.91
39,262zLFH9xVpSS1MJg8BYE8,I Will Always Love You - Live from The Concert for a New South Africa,"I Wanna Dance With Somebody (The Movie: Whitney New, Classic and Reimagined)",Whitney Houston,6XpaIBNiVzIetEPCWDvAFP,2022-12-16,262zLFH9xVpSS1MJg8BYE8,0.284,0.426,-11.76,0.0476,0.296,2.45e-06,0.936,0.106,130.212
40,7tZRkKfpYuCbJZcyFFOVMt,"Medley: I Loves You, Porgy / And I Am Telling You I'm Not Going / I Have Nothing - Live from The 21st Annual American Music Awards","I Wanna Dance With Somebody (The Movie: Whitney New, Classic and Reimagined)",Whitney Houston,6XpaIBNiVzIetEPCWDvAFP,2022-12-16,7tZRkKfpYuCbJZcyFFOVMt,0.22,0.576,-9.842,0.0525,0.465,0,0.966,0.363,77.723
41,09O6v86cph4zEVGCYgfFGY,Run to You,"I Wanna Dance With Somebody (The Movie: Whitney New, Classic and Reimagined)",Whitney Houston,6XpaIBNiVzIetEPCWDvAFP,2022-12-16,09O6v86cph4zEVGCYgfFGY,0.327,0.35,-10.791,0.0327,0.629,0,0.151,0.144,77.128
42,7pZZZCasSykaPSjgXT3HhK,Impossible Things,"I Wanna Dance With Somebody (The Movie: Whitney New, Classic and Reimagined)",Whitney Houston,6XpaIBNiVzIetEPCWDvAFP,2022-12-16,7pZZZCasSykaPSjgXT3HhK,0.627,0.467,-10.274,0.164,0.4,0,0.132,0.1,83.577
43,6rDQtMkwq8UEIWnhNY2JYx,"Why Does It Hurt So Bad - from ""Waiting to Exhale"" - Original Soundtrack","I Wanna Dance With Somebody (The Movie: Whitney New, Classic and Reimagined)",Whitney Houston,6XpaIBNiVzIetEPCWDvAFP,2022-12-16,6rDQtMkwq8UEIWnhNY2JYx,0.625,0.39,-9.713,0.0239,0.168,0,0.161,0.252,76.8
44,0Rkq46Qo069QwWDdrVur8f,It's Not Right But It's Okay,"I Wanna Dance With Somebody (The Movie: Whitney New, Classic and Reimagined)",Whitney Houston,6XpaIBNiVzIetEPCWDvAFP,2022-12-16,0Rkq46Qo069QwWDdrVur8f,0.807,0.743,-9.209,0.078,0.149,0.00103,0.0774,0.557,127.962
45,6WJHhtZ4CsY2hCyGEi6Rwx,My Love Is Your Love,"I Wanna Dance With Somebody (The Movie: Whitney New, Classic and Reimagined)",Whitney Houston,6XpaIBNiVzIetEPCWDvAFP,2022-12-16,6WJHhtZ4CsY2hCyGEi6Rwx,0.769,0.451,-10.033,0.167,0.0486,2.5e-06,0.0568,0.454,82.508
46,1wGWjGTTFRILeHhlNIURJz,I Didn't Know My Own Strength (Live from The Oprah Winfrey Show) - Live from The Oprah Winfrey Show Season Premiere Part II - Whitney Houston's Show Stopping Surprise,"I Wanna Dance With Somebody (The Movie: Whitney New, Classic and Reimagined)",Whitney Houston,6XpaIBNiVzIetEPCWDvAFP,2022-12-16,1wGWjGTTFRILeHhlNIURJz,0.347,0.656,-7.049,0.0773,0.471,0,0.631,0.299,107.901
47,1Fj6dv0wu8XqfGKOp4oqiw,Clive's Message,"I Wanna Dance With Somebody (The Movie: Whitney New, Classic and Reimagined)",Whitney Houston,6XpaIBNiVzIetEPCWDvAFP,2022-12-16,1Fj6dv0wu8XqfGKOp4oqiw,0.686,0.315,-14.762,0.924,0.906,1.64e-05,0.11,0.837,83.579
48,6EVN7COD61RCfpeY6pUeUz,Don't Cry For Me - A Cappella,"I Wanna Dance With Somebody (The Movie: Whitney New, Classic and Reimagined)",Whitney Houston,6XpaIBNiVzIetEPCWDvAFP,2022-12-16,6EVN7COD61RCfpeY6pUeUz,0.343,0.0816,-10.085,0.0735,0.832,0,0.0575,0.0889,179.892
49,1936BmRmMGR7H05fpGuO94,I Will Always Love You - Alternate Mix,I Wish You Love: More From The Bodyguard,Whitney Houston,6XpaIBNiVzIetEPCWDvAFP,2017-11-17,1936BmRmMGR7H05fpGuO94,0.22,0.226,-12.164,0.0392,0.775,3.29e-05,0.106,0.0935,67.673
50,76puoNshqjAAocKl5KbmpQ,I Have Nothing - Film Version,I Wish You Love: More From The Bodyguard,Whitney Houston,6XpaIBNiVzIetEPCWDvAFP,2017-11-17,76puoNshqjAAocKl5KbmpQ,0.486,0.448,-9.133,0.0342,0.757,0,0.0852,0.17,152.864
51,1kRDN664irlEou8Pc7iP2G,I'm Every Woman - Clivilles & Cole House Mix I Edit,I Wish You Love: More From The Bodyguard,Whitney Houston,6XpaIBNiVzIetEPCWDvAFP,2017-11-17,1kRDN664irlEou8Pc7iP2G,0.698,0.818,-9.621,0.0607,0.0283,0.188,0.103,0.346,121.563
52,0o7yqilFaW0ND4oeJVUl0D,Run to You - Film Version,I Wish You Love: More From The Bodyguard,Whitney Houston,6XpaIBNiVzIetEPCWDvAFP,2017-11-17,0o7yqilFaW0ND4oeJVUl0D,0.379,0.399,-10.247,0.0333,0.737,0,0.135,0.161,76.53
53,1RK34OdEvCUujacfNbO7PA,Queen of the Night - Film Version,I Wish You Love: More From The Bodyguard,Whitney Houston,6XpaIBNiVzIetEPCWDvAFP,2017-11-17,1RK34OdEvCUujacfNbO7PA,0.688,0.885,-7.828,0.0392,0.000135,0.103,0.0892,0.815,105.047
54,0m92LlAO2ITV1oMoR5jnTY,Jesus Loves Me - Film Version,I Wish You Love: More From The Bodyguard,Whitney Houston,6XpaIBNiVzIetEPCWDvAFP,2017-11-17,0m92LlAO2ITV1oMoR5jnTY,0.371,0.0144,-24.647,0.0635,0.93,0,0.114,0.0637,79.038
55,5GPK5xpGAoLOTyZihZr0V9,Jesus Loves Me - A Capella Version,I Wish You Love: More From The Bodyguard,Whitney Houston,6XpaIBNiVzIetEPCWDvAFP,2017-11-17,5GPK5xpGAoLOTyZihZr0V9,0.465,0.158,-17.426,0.255,0.943,0,0.236,0.142,107.888
56,6XQz4HwNIQZ652JFa7putY,I Will Always Love You - Film Version,I Wish You Love: More From The Bodyguard,Whitney Houston,6XpaIBNiVzIetEPCWDvAFP,2017-11-17,6XQz4HwNIQZ652JFa7putY,0.343,0.281,-9.534,0.0368,0.605,0.000296,0.0951,0.121,133.454
57,2cj65tfiu5bus9TaAgAWOL,I Have Nothing - Live from Brunei,I Wish You Love: More From The Bodyguard,Whitney Houston,6XpaIBNiVzIetEPCWDvAFP,2017-11-17,2cj65tfiu5bus9TaAgAWOL,0.28,0.504,-11.25,0.0725,0.674,1.23e-06,0.982,0.288,150.044
58,3geQ35IyykbmTAN33rUWSh,Run to You - Live from The Bodyguard Tour,I Wish You Love: More From The Bodyguard,Whitney Houston,6XpaIBNiVzIetEPCWDvAFP,2017-11-17,3geQ35IyykbmTAN33rUWSh,0.345,0.299,-11.327,0.0401,0.832,0,0.805,0.226,70.675
59,6vZWn2RlT98NKOph5qpxxD,Jesus Loves Me / He's Got The Whole World In His Hands - Live from The Bodyguard Tour,I Wish You Love: More From The Bodyguard,Whitney Houston,6XpaIBNiVzIetEPCWDvAFP,2017-11-17,6vZWn2RlT98NKOph5qpxxD,0.495,0.275,-14.11,0.0767,0.509,0,0.947,0.366,139.734
60,0TMqE4JVG6r2iFELCHGgYE,Queen of the Night - Live from The Bodyguard Tour,I Wish You Love: More From The Bodyguard,Whitney Houston,6XpaIBNiVzIetEPCWDvAFP,2017-11-17,0TMqE4JVG6r2iFELCHGgYE,0.55,0.908,-7.653,0.0774,0.0642,1.96e-05,0.744,0.683,118.998
61,55AQclTUurjDuLhl8Raj6S,I Will Always Love You - Live from The Bodyguard Tour,I Wish You Love: More From The Bodyguard,Whitney Houston,6XpaIBNiVzIetEPCWDvAFP,2017-11-17,55AQclTUurjDuLhl8Raj6S,0.298,0.286,-13.615,0.053,0.667,3.63e-05,0.93,0.128,132.739
62,1b9pKNP8Z40yhdxdaedb1x,I'm Every Woman - Live from The Bodyguard Tour,I Wish You Love: More From The Bodyguard,Whitney Houston,6XpaIBNiVzIetEPCWDvAFP,2017-11-17,1b9pKNP8Z40yhdxdaedb1x,0.581,0.88,-7.794,0.0953,0.302,0,0.565,0.505,119.04
63,5jSTW2AuRhDst5I7J86KUH,Home - Live from The Merv Griffin Show,Whitney Houston Live: Her Greatest Performances,Whitney Houston,6XpaIBNiVzIetEPCWDvAFP,2014-11-10,5jSTW2AuRhDst5I7J86KUH,0.515,0.347,-9.425,0.0736,0.963,0.142,0.684,0.418,127.188
64,0kn8HZcdvWXIbAu4ZbqWTa,You Give Good Love - Live from The Tonight Show Starring Johnny Carson,Whitney Houston Live: Her Greatest Performances,Whitney Houston,6XpaIBNiVzIetEPCWDvAFP,2014-11-10,0kn8HZcdvWXIbAu4ZbqWTa,0.625,0.463,-5.382,0.0519,0.934,7.56e-06,0.691,0.414,136.843
65,0B71GPn23vB1BapkFfYlEp,How Will I Know - Live from The Brit Awards,Whitney Houston Live: Her Greatest Performances,Whitney Houston,6XpaIBNiVzIetEPCWDvAFP,2014-11-10,0B71GPn23vB1BapkFfYlEp,0.718,0.89,-4.552,0.0693,0.282,0,0.727,0.852,118.5
66,1pCsrLzTZ0HrjUJB8df2kc,One Moment in Time - Live from The 31st Annual Grammy® Awards,Whitney Houston Live: Her Greatest Performances,Whitney Houston,6XpaIBNiVzIetEPCWDvAFP,2014-11-10,1pCsrLzTZ0HrjUJB8df2kc,0.203,0.651,-6.449,0.0601,0.41,1.44e-05,0.612,0.35,74.401
67,1zHSvq6WdZHdG85ugbGsVj,Greatest Love of All - Live from That's What Friends Are For: Arista Records 15th Anniversary Concert,Whitney Houston Live: Her Greatest Performances,Whitney Houston,6XpaIBNiVzIetEPCWDvAFP,2014-11-10,1zHSvq6WdZHdG85ugbGsVj,0.321,0.604,-6.718,0.0554,0.643,0,0.977,0.267,112.01
68,3KCm9TwZDOLdRu4bM1Alob,I Wanna Dance with Somebody - Live from That's What Friends Are For: Arista Records 15th Anniversary Concert,Whitney Houston Live: Her Greatest Performances,Whitney Houston,6XpaIBNiVzIetEPCWDvAFP,2014-11-10,3KCm9TwZDOLdRu4bM1Alob,0.569,0.954,-3.599,0.124,0.0689,0,0.981,0.527,128.457
69,5qByPJHfbssZpbUzhgpDCG,The Star Spangled Banner (feat. The Florida Orchestra) - Live from Super Bowl XXV,Whitney Houston Live: Her Greatest Performances,Whitney Houston,6XpaIBNiVzIetEPCWDvAFP,2014-11-10,5qByPJHfbssZpbUzhgpDCG,0.179,0.641,-6.93,0.0439,0.636,0.0303,0.94,0.495,85.378
70,5gUXJ028FkqhUAKk7bMWY4,All the Man That I Need - Live from Welcome Home Heroes with Whitney Houston,Whitney Houston Live: Her Greatest Performances,Whitney Houston,6XpaIBNiVzIetEPCWDvAFP,2014-11-10,5gUXJ028FkqhUAKk7bMWY4,0.39,0.779,-6.831,0.0469,0.542,0,0.962,0.459,140.791
71,5yFt7dkjC3AGuKOBaosed4,I'm Your Baby Tonight - Live from Welcome Home Heroes with Whitney Houston,Whitney Houston Live: Her Greatest Performances,Whitney Houston,6XpaIBNiVzIetEPCWDvAFP,2014-11-10,5yFt7dkjC3AGuKOBaosed4,0.341,0.88,-9.15,0.147,0.0751,2.25e-06,0.991,0.669,169.244
72,2kS0pmnzDAeZDME3svB8fN,A Song for You - Live from Welcome Home Heroes with Whitney Houston,Whitney Houston Live: Her Greatest Performances,Whitney Houston,6XpaIBNiVzIetEPCWDvAFP,2014-11-10,2kS0pmnzDAeZDME3svB8fN,0.3,0.378,-10.383,0.0459,0.912,0.000522,0.751,0.157,71.09
73,0pXeX74NdIKgUvylLqlGBN,"Medley: I Loves You, Porgy / And I Am Telling You I'm Not Going / I Have Nothing - Live from The 21st Annual American Music Awards",Whitney Houston Live: Her Greatest Performances,Whitney Houston,6XpaIBNiVzIetEPCWDvAFP,2014-11-10,0pXeX74NdIKgUvylLqlGBN,0.221,0.656,-7.328,0.0553,0.448,0,0.947,0.357,77.653
74,0onkIMPgaJDynd4x2tSpjS,I'm Every Woman - Live from The Concert for a New South Africa,Whitney Houston Live: Her Greatest Performances,Whitney Houston,6XpaIBNiVzIetEPCWDvAFP,2014-11-10,0onkIMPgaJDynd4x2tSpjS,0.422,0.932,-5.643,0.131,0.00379,0,0.914,0.446,119.254
75,2be59uHmn17ejuv4bXF5oo,I Will Always Love You - Live from The Concert for a New South Africa,Whitney Houston Live: Her Greatest Performances,Whitney Houston,6XpaIBNiVzIetEPCWDvAFP,2014-11-10,2be59uHmn17ejuv4bXF5oo,0.238,0.585,-7.764,0.0509,0.525,8.2e-05,0.689,0.198,131.427
76,1Tmn4RzLBoZRryh3NJPlLd,My Love Is Your Love - Live from Late Show with David Letterman,Whitney Houston Live: Her Greatest Performances,Whitney Houston,6XpaIBNiVzIetEPCWDvAFP,2014-11-10,1Tmn4RzLBoZRryh3NJPlLd,0.591,0.736,-6.916,0.119,0.446,0,0.982,0.561,81.91
77,0xGEceyQmD3gPP4vLNZly9,I Believe in You and Me - Live from The 16th Annual World Music Awards,Whitney Houston Live: Her Greatest Performances,Whitney Houston,6XpaIBNiVzIetEPCWDvAFP,2014-11-10,0xGEceyQmD3gPP4vLNZly9,0.293,0.439,-9.316,0.0333,0.808,0.00322,0.953,0.121,115.634
78,71y1T1v35vSZFg6xCEegAx,I Didn't Know My Own Strength - Live from The Oprah Winfrey Show Season Premiere Part II - Whitney Houston's Show Stopping Surprise,Whitney Houston Live: Her Greatest Performances,Whitney Houston,6XpaIBNiVzIetEPCWDvAFP,2014-11-10,71y1T1v35vSZFg6xCEegAx,0.35,0.676,-6.497,0.0776,0.464,0,0.658,0.29,108.703
79,78Liq9m8u6xjuamJIeznTd,Million Dollar Bill,I Look To You,Whitney Houston,6XpaIBNiVzIetEPCWDvAFP,2009-08-28,78Liq9m8u6xjuamJIeznTd,0.714,0.747,-4.134,0.111,0.054,0,0.0845,0.765,119.899
80,2WApJIbDbXSbsseuPkAiWv,Nothin' But Love,I Look To You,Whitney Houston,6XpaIBNiVzIetEPCWDvAFP,2009-08-28,2WApJIbDbXSbsseuPkAiWv,0.681,0.883,-4.014,0.214,0.123,0,0.275,0.566,93.824
81,16U3RJaytxelZKAVWMAsH8,Call You Tonight,I Look To You,Whitney Houston,6XpaIBNiVzIetEPCWDvAFP,2009-08-28,16U3RJaytxelZKAVWMAsH8,0.576,0.725,-5.066,0.072,0.189,0,0.377,0.59,203.777
82,1rAESNsSXvXpJh9hCjgHVX,I Look to You,I Look To You,Whitney Houston,6XpaIBNiVzIetEPCWDvAFP,2009-08-28,1rAESNsSXvXpJh9hCjgHVX,0.55,0.373,-6.31,0.0286,0.717,0,0.096,0.101,101.84
83,5qIB8RslPO78tG7S9SN3FX,Like I Never Left (feat. Akon),I Look To You,Whitney Houston,6XpaIBNiVzIetEPCWDvAFP,2009-08-28,5qIB8RslPO78tG7S9SN3FX,0.682,0.721,-6.349,0.0562,0.0885,0,0.147,0.23,94.033
84,4AlHlm053125GeYkkVxIh8,A Song For You,I Look To You,Whitney Houston,6XpaIBNiVzIetEPCWDvAFP,2009-08-28,4AlHlm053125GeYkkVxIh8,0.543,0.672,-5.885,0.0516,0.173,6.93e-06,0.273,0.105,120.0
85,2d8012yMxNQF0jS3zxo4nU,I Didn't Know My Own Strength,I Look To You,Whitney Houston,6XpaIBNiVzIetEPCWDvAFP,2009-08-28,2d8012yMxNQF0jS3zxo4nU,0.601,0.461,-8.754,0.0424,0.566,0,0.345,0.22,108.087
86,3F8nRrbixJaHGDa2U2oOp0,Worth It,I Look To You,Whitney Houston,6XpaIBNiVzIetEPCWDvAFP,2009-08-28,3F8nRrbixJaHGDa2U2oOp0,0.743,0.603,-6.119,0.0606,0.207,0,0.407,0.728,129.419
87,57Vmf2cUjdno4SN6sMIBuH,For The Lovers,I Look To You,Whitney Houston,6XpaIBNiVzIetEPCWDvAFP,2009-08-28,57Vmf2cUjdno4SN6sMIBuH,0.79,0.875,-4.334,0.0279,0.0498,1.57e-05,0.349,0.604,108.0
88,302ay0Y146st7TiL5agb7u,I Got You,I Look To You,Whitney Houston,6XpaIBNiVzIetEPCWDvAFP,2009-08-28,302ay0Y146st7TiL5agb7u,0.587,0.553,-7.787,0.052,0.0738,0,0.103,0.497,141.222
89,1H1YAkNoKgwvyVX5upUbWA,Salute,I Look To You,Whitney Houston,6XpaIBNiVzIetEPCWDvAFP,2009-08-28,1H1YAkNoKgwvyVX5upUbWA,0.72,0.597,-7.296,0.179,0.304,0,0.0421,0.755,81.505
90,1pNKIiR1z06WGs0H5dBQ1h,The First Noël,One Wish / The Holiday Album,Whitney Houston,6XpaIBNiVzIetEPCWDvAFP,2003-11-18,1pNKIiR1z06WGs0H5dBQ1h,0.604,0.631,-5.855,0.0393,0.12,0,0.0883,0.421,126.067
91,4mS0kNelJEq1u2siN6RIrB,The Christmas Song (Chestnuts Roasting on an Open Fire),One Wish / The Holiday Album,Whitney Houston,6XpaIBNiVzIetEPCWDvAFP,2003-11-18,4mS0kNelJEq1u2siN6RIrB,0.337,0.483,-6.517,0.0427,0.661,0,0.0972,0.128,164.236
92,2siFvUFtPft87VpgysqJc5,Little Drummer Boy (feat. Bobbi Kristina Brown),One Wish / The Holiday Album,Whitney Houston,6XpaIBNiVzIetEPCWDvAFP,2003-11-18,2siFvUFtPft87VpgysqJc5,0.746,0.587,-7.498,0.0371,0.184,8.63e-05,0.108,0.458,140.049
93,6pPLhUHaxNy37eIUNYu5JL,One Wish (For Christmas),One Wish / The Holiday Album,Whitney Houston,6XpaIBNiVzIetEPCWDvAFP,2003-11-18,6pPLhUHaxNy37eIUNYu5JL,0.501,0.474,-6.463,0.0303,0.458,0,0.131,0.134,135.081
94,2sdLXbcnoJI5H4Fn1FULiF,Cantique de Noël (O Holy Night),One Wish / The Holiday Album,Whitney Houston,6XpaIBNiVzIetEPCWDvAFP,2003-11-18,2sdLXbcnoJI5H4Fn1FULiF,0.282,0.214,-8.528,0.0338,0.867,2.22e-06,0.176,0.122,109.486
95,5oTGfOV9OkYufPZalNRgvP,I'll Be Home for Christmas,One Wish / The Holiday Album,Whitney Houston,6XpaIBNiVzIetEPCWDvAFP,2003-11-18,5oTGfOV9OkYufPZalNRgvP,0.324,0.2,-10.739,0.0335,0.928,1.34e-06,0.0792,0.112,129.005
96,73NEyO0Hx5WumrR7TYQWxu,Deck the Halls / Silent Night,One Wish / The Holiday Album,Whitney Houston,6XpaIBNiVzIetEPCWDvAFP,2003-11-18,73NEyO0Hx5WumrR7TYQWxu,0.745,0.68,-5.443,0.133,0.15,1.84e-06,0.0906,0.646,92.03
97,0lPaZO2ofgXt1AQXso1md7,Have Yourself a Merry Little Christmas,One Wish / The Holiday Album,Whitney Houston,6XpaIBNiVzIetEPCWDvAFP,2003-11-18,0lPaZO2ofgXt1AQXso1md7,0.502,0.647,-7.681,0.125,0.586,2.42e-05,0.0761,0.262,147.988
98,2rMq0mJtZhgXwwn46qFGLK,O Come O Come Emmanuel,One Wish / The Holiday Album,Whitney Houston,6XpaIBNiVzIetEPCWDvAFP,2003-11-18,2rMq0mJtZhgXwwn46qFGLK,0.331,0.27,-8.095,0.03,0.883,0,0.152,0.15,99.849
99,6J71TL7fO6GjN6qfAN3mI0,"Who Would Imagine A King - (From ""The Preacher's Wife"") (feat. The Nativity Choir From The Preacher's Wife)",One Wish / The Holiday Album,Whitney Houston,6XpaIBNiVzIetEPCWDvAFP,2003-11-18,6J71TL7fO6GjN6qfAN3mI0,0.21,0.196,-10.72,0.0338,0.884,0,0.318,0.183,78.652
100,2HwaTkbNED2nZfSijP9TLF,Joy to the World (with Georgia Mass Choir),One Wish / The Holiday Album,Whitney Houston,6XpaIBNiVzIetEPCWDvAFP,2003-11-18,2HwaTkbNED2nZfSijP9TLF,0.308,0.793,-4.233,0.103,0.413,0,0.134,0.354,173.053
101,2OGSbvnkdolT2ihOtpsESb,The First Noël,One Wish (The Holiday Album) [Deluxe Version],Whitney Houston,6XpaIBNiVzIetEPCWDvAFP,2003-11-18,2OGSbvnkdolT2ihOtpsESb,0.604,0.631,-5.855,0.0393,0.12,0,0.0883,0.421,126.067
102,0bOFsgJ0rWzsI5euCjBbpW,The Christmas Song (Chestnuts Roasting on an Open Fire),One Wish (The Holiday Album) [Deluxe Version],Whitney Houston,6XpaIBNiVzIetEPCWDvAFP,2003-11-18,0bOFsgJ0rWzsI5euCjBbpW,0.336,0.485,-6.515,0.0426,0.658,0,0.0972,0.128,164.237
103,3UwzkJA26xnprUgnpYcpFl,Little Drummer Boy (feat. Bobbi Kristina Brown),One Wish (The Holiday Album) [Deluxe Version],Whitney Houston,6XpaIBNiVzIetEPCWDvAFP,2003-11-18,3UwzkJA26xnprUgnpYcpFl,0.745,0.586,-7.498,0.0372,0.184,8.89e-05,0.108,0.462,140.043
104,0GPqe3JI3iGEEsb8D06unE,One Wish (For Christmas),One Wish (The Holiday Album) [Deluxe Version],Whitney Houston,6XpaIBNiVzIetEPCWDvAFP,2003-11-18,0GPqe3JI3iGEEsb8D06unE,0.477,0.474,-6.463,0.0306,0.461,0,0.131,0.133,134.903
105,7fvhCCMdHei3RV6lP5ICVL,Cantique de Noël (O Holy Night),One Wish (The Holiday Album) [Deluxe Version],Whitney Houston,6XpaIBNiVzIetEPCWDvAFP,2003-11-18,7fvhCCMdHei3RV6lP5ICVL,0.282,0.214,-8.528,0.0338,0.867,2.22e-06,0.176,0.122,109.486
106,0ojj8h9XLo9WdVlArAg4tL,I'll Be Home for Christmas,One Wish (The Holiday Album) [Deluxe Version],Whitney Houston,6XpaIBNiVzIetEPCWDvAFP,2003-11-18,0ojj8h9XLo9WdVlArAg4tL,0.235,0.2,-10.739,0.0334,0.927,1.34e-06,0.0792,0.11,80.258
107,1cDcG5IbvYg1uqvggs8jQV,Deck the Halls / Silent Night,One Wish (The Holiday Album) [Deluxe Version],Whitney Houston,6XpaIBNiVzIetEPCWDvAFP,2003-11-18,1cDcG5IbvYg1uqvggs8jQV,0.744,0.679,-5.443,0.132,0.15,1.81e-06,0.0906,0.643,92.031
108,1DBdkjZ8AyWayNVHTLuiM4,Have Yourself a Merry Little Christmas,One Wish (The Holiday Album) [Deluxe Version],Whitney Houston,6XpaIBNiVzIetEPCWDvAFP,2003-11-18,1DBdkjZ8AyWayNVHTLuiM4,0.494,0.647,-7.681,0.124,0.586,2.33e-05,0.076,0.265,148.05
109,6WRsUc36F7t37ZGM4e7n3T,O Come O Come Emmanuel,One Wish (The Holiday Album) [Deluxe Version],Whitney Houston,6XpaIBNiVzIetEPCWDvAFP,2003-11-18,6WRsUc36F7t37ZGM4e7n3T,0.331,0.27,-8.095,0.03,0.883,0,0.152,0.15,99.849
110,5YenwJPNMaS5ADo947jGwI,"Who Would Imagine A King - (From ""The Preacher's Wife"") (feat. The Nativity Choir From The Preacher's Wife)",One Wish (The Holiday Album) [Deluxe Version],Whitney Houston,6XpaIBNiVzIetEPCWDvAFP,2003-11-18,5YenwJPNMaS5ADo947jGwI,0.213,0.199,-10.72,0.0334,0.883,0,0.318,0.175,80.942
111,6Oo2WKkHQkxTFANWyeAFtn,Joy to the World (with Georgia Mass Choir),One Wish (The Holiday Album) [Deluxe Version],Whitney Houston,6XpaIBNiVzIetEPCWDvAFP,2003-11-18,6Oo2WKkHQkxTFANWyeAFtn,0.309,0.793,-4.233,0.101,0.412,0,0.135,0.355,173.055
112,178PUYfr4UqYKOFLpXAfvE,Do You Hear What I Hear?,One Wish (The Holiday Album) [Deluxe Version],Whitney Houston,6XpaIBNiVzIetEPCWDvAFP,2003-11-18,178PUYfr4UqYKOFLpXAfvE,0.316,0.714,-4.981,0.0387,0.00931,0,0.117,0.306,72.785
113,4qoRtBttExNQ8eguqiYsRg,One Of Those Days,Just Whitney,Whitney Houston,6XpaIBNiVzIetEPCWDvAFP,2002-11-20,4qoRtBttExNQ8eguqiYsRg,0.679,0.708,-3.844,0.0818,0.312,0,0.0878,0.82,91.983
114,0moOkXr0fXPqaXdr54v4GC,Tell Me No,Just Whitney,Whitney Houston,6XpaIBNiVzIetEPCWDvAFP,2002-11-20,0moOkXr0fXPqaXdr54v4GC,0.608,0.77,-5.243,0.046,0.0327,0,0.104,0.383,88.882
115,56iThbABo74MrYhudXR8DY,Things You Say,Just Whitney,Whitney Houston,6XpaIBNiVzIetEPCWDvAFP,2002-11-20,56iThbABo74MrYhudXR8DY,0.718,0.533,-4.823,0.172,0.321,0,0.146,0.48,131.275
116,3aiqh3PTL4cpFSLNt5BDRD,My Love (feat. Bobby Brown),Just Whitney,Whitney Houston,6XpaIBNiVzIetEPCWDvAFP,2002-11-20,3aiqh3PTL4cpFSLNt5BDRD,0.734,0.772,-3.4,0.231,0.109,0,0.435,0.85,143.742
117,76XT0z1vuiI6mPknlBgjcI,Love That Man,Just Whitney,Whitney Houston,6XpaIBNiVzIetEPCWDvAFP,2002-11-20,76XT0z1vuiI6mPknlBgjcI,0.846,0.81,-3.645,0.0377,0.0358,1.71e-06,0.0762,0.927,112.009
118,2IpeftovkFwpkWBYuS0qCz,Try It On My Own,Just Whitney,Whitney Houston,6XpaIBNiVzIetEPCWDvAFP,2002-11-20,2IpeftovkFwpkWBYuS0qCz,0.544,0.593,-5.887,0.0362,0.612,6.75e-06,0.146,0.139,135.877
119,1yt4kQPgYSWm1ZbBK9GrbW,Dear John Letter,Just Whitney,Whitney Houston,6XpaIBNiVzIetEPCWDvAFP,2002-11-20,1yt4kQPgYSWm1ZbBK9GrbW,0.798,0.559,-4.623,0.0575,0.253,0,0.0722,0.694,99.018
120,0vGIl4KQF2CpJcNhHCCheA,Unashamed,Just Whitney,Whitney Houston,6XpaIBNiVzIetEPCWDvAFP,2002-11-20,0vGIl4KQF2CpJcNhHCCheA,0.608,0.831,-4.775,0.142,0.108,0,0.119,0.665,164.006
121,5vXEPFOkx6eugLNxg4YauT,You Light Up My Life,Just Whitney,Whitney Houston,6XpaIBNiVzIetEPCWDvAFP,2002-11-20,5vXEPFOkx6eugLNxg4YauT,0.299,0.365,-8.88,0.028,0.542,0,0.148,0.0928,94.726
122,7Kt3rCH3VPNDDJq3iq7v16,Whatchulookinat - Main (A.K.A. Backing Vox Up),Just Whitney,Whitney Houston,6XpaIBNiVzIetEPCWDvAFP,2002-11-20,7Kt3rCH3VPNDDJq3iq7v16,0.676,0.878,-3.66,0.148,0.0587,0,0.509,0.533,105.014
123,7861kBrZ5aw7o4NfggcyYW,It's Not Right But It's Okay,My Love Is Your Love,Whitney Houston,6XpaIBNiVzIetEPCWDvAFP,1998-11-17,7861kBrZ5aw7o4NfggcyYW,0.805,0.802,-7.076,0.1,0.162,0.000883,0.0698,0.531,127.924
124,4J9u7UsXH7F6sFI32KnYuP,Heartbreak Hotel (feat. Faith Evans & Kelly Price),My Love Is Your Love,Whitney Houston,6XpaIBNiVzIetEPCWDvAFP,1998-11-17,4J9u7UsXH7F6sFI32KnYuP,0.724,0.535,-7.616,0.0588,0.0477,0,0.0314,0.664,133.816
125,1ckU1EhAO0Nr73QYw24SWJ,My Love Is Your Love,My Love Is Your Love,Whitney Houston,6XpaIBNiVzIetEPCWDvAFP,1998-11-17,1ckU1EhAO0Nr73QYw24SWJ,0.77,0.475,-9.512,0.159,0.0561,4.72e-06,0.0607,0.473,82.511
126,0JN7vUgUolHGHFrOR8xk7S,When You Believe - from The Prince of Egypt,My Love Is Your Love,Whitney Houston,6XpaIBNiVzIetEPCWDvAFP,1998-11-17,0JN7vUgUolHGHFrOR8xk7S,0.436,0.391,-9.62,0.0326,0.554,0,0.12,0.126,125.354
127,6Hk49EZCW2HGJx20LWaQPF,If I Told You That,My Love Is Your Love,Whitney Houston,6XpaIBNiVzIetEPCWDvAFP,1998-11-17,6Hk49EZCW2HGJx20LWaQPF,0.668,0.697,-7.982,0.0351,0.00778,1.36e-05,0.134,0.681,100.008
128,2V7hSVI9YwkKvVUhXY2CbT,"In My Business (feat. Missy ""Misdemeanor"" Elliott)",My Love Is Your Love,Whitney Houston,6XpaIBNiVzIetEPCWDvAFP,1998-11-17,2V7hSVI9YwkKvVUhXY2CbT,0.752,0.623,-10.153,0.0703,0.0166,0.00454,0.105,0.493,96.036
129,3wACjmQo7ZkRNMLfZXndFB,I Learned from the Best,My Love Is Your Love,Whitney Houston,6XpaIBNiVzIetEPCWDvAFP,1998-11-17,3wACjmQo7ZkRNMLfZXndFB,0.609,0.563,-6.284,0.0328,0.0109,7.76e-06,0.156,0.306,148.949
130,1U2nYDhFlikoMa1UBp2qtK,Oh Yes,My Love Is Your Love,Whitney Houston,6XpaIBNiVzIetEPCWDvAFP,1998-11-17,1U2nYDhFlikoMa1UBp2qtK,0.769,0.498,-10.59,0.0541,0.0121,4.1e-06,0.331,0.253,99.822
131,3U7PLjhBYzuEH0r5XmNtuI,Get It Back,My Love Is Your Love,Whitney Houston,6XpaIBNiVzIetEPCWDvAFP,1998-11-17,3U7PLjhBYzuEH0r5XmNtuI,0.815,0.633,-7.803,0.0746,0.0169,1.07e-05,0.109,0.377,93.588
132,2uJlJ0F7YIU9740Ggy6JdL,Until You Come Back,My Love Is Your Love,Whitney Houston,6XpaIBNiVzIetEPCWDvAFP,1998-11-17,2uJlJ0F7YIU9740Ggy6JdL,0.678,0.502,-7.999,0.0293,0.0499,5.28e-05,0.33,0.262,100.41
133,2VgaALs0kKa9EG76A7T7uB,I Bow Out,My Love Is Your Love,Whitney Houston,6XpaIBNiVzIetEPCWDvAFP,1998-11-17,2VgaALs0kKa9EG76A7T7uB,0.719,0.646,-8.409,0.152,0.0317,0,0.0335,0.681,159.825
134,3KFbjIFQxMbOKdZ4S3lv4S,You'll Never Stand Alone,My Love Is Your Love,Whitney Houston,6XpaIBNiVzIetEPCWDvAFP,1998-11-17,3KFbjIFQxMbOKdZ4S3lv4S,0.703,0.488,-6.943,0.0254,0.105,0,0.272,0.194,103.907
135,2nJzMBYSpfg9Y5U88ANDeK,I Was Made To Love Him,My Love Is Your Love,Whitney Houston,6XpaIBNiVzIetEPCWDvAFP,1998-11-17,2nJzMBYSpfg9Y5U88ANDeK,0.717,0.617,-6.174,0.134,0.0229,0,0.115,0.716,103.897
136,1kwNHkKXJ4c4MchgATAOBJ,I Believe In You And Me - Film Version,The Preacher's Wife,Whitney Houston,6XpaIBNiVzIetEPCWDvAFP,1996-11-27,1kwNHkKXJ4c4MchgATAOBJ,0.434,0.268,-11.52,0.0355,0.785,0,0.0881,0.121,119.804
137,5dEBcymDDG9TUjJnAouOPp,Step by Step,The Preacher's Wife,Whitney Houston,6XpaIBNiVzIetEPCWDvAFP,1996-11-27,5dEBcymDDG9TUjJnAouOPp,0.752,0.79,-8.648,0.0507,0.0797,5.78e-05,0.284,0.202,115.976
138,4KNc21J4RPztm1ZZSCokg3,Joy (with Georgia Mass Choir),The Preacher's Wife,Whitney Houston,6XpaIBNiVzIetEPCWDvAFP,1996-11-27,4KNc21J4RPztm1ZZSCokg3,0.547,0.697,-6.504,0.0436,0.662,0,0.279,0.572,77.025
139,2nYSSi21kg6wEseR3JvwEa,"Hold On, Help Is On The Way (with Georgia Mass Choir)",The Preacher's Wife,Whitney Houston,6XpaIBNiVzIetEPCWDvAFP,1996-11-27,2nYSSi21kg6wEseR3JvwEa,0.565,0.898,-5.626,0.32,0.491,0,0.215,0.316,85.758
140,2Sx7ifYacUq3ZbKJVpsMkm,I Go To The Rock (with Georgia Mass Choir),The Preacher's Wife,Whitney Houston,6XpaIBNiVzIetEPCWDvAFP,1996-11-27,2Sx7ifYacUq3ZbKJVpsMkm,0.596,0.758,-8.47,0.0485,0.268,0,0.587,0.636,127.803
141,2xrXUa8o1JJtz8nobY2UsY,I Love The Lord (with Georgia Mass Choir),The Preacher's Wife,Whitney Houston,6XpaIBNiVzIetEPCWDvAFP,1996-11-27,2xrXUa8o1JJtz8nobY2UsY,0.249,0.283,-10.172,0.0305,0.714,7.09e-06,0.113,0.0869,101.17
142,2g05nSa5RfTZ6gIsuWVzct,"Somebody Bigger Than You And I (feat. Bobby Brown, Faith Evans, Johnny Gill, Monica & Ralph Tresvant)",The Preacher's Wife,Whitney Houston,6XpaIBNiVzIetEPCWDvAFP,1996-11-27,2g05nSa5RfTZ6gIsuWVzct,0.768,0.451,-9.834,0.0551,0.00619,0,0.0494,0.732,103.033
143,5NGVnEhrimV9vYwPRxsM3i,You Were Loved,The Preacher's Wife,Whitney Houston,6XpaIBNiVzIetEPCWDvAFP,1996-11-27,5NGVnEhrimV9vYwPRxsM3i,0.652,0.28,-11.363,0.0289,0.273,6.14e-06,0.284,0.136,114.004
144,4w0cBvy6wMmV8iA60cTYXl,My Heart Is Calling,The Preacher's Wife,Whitney Houston,6XpaIBNiVzIetEPCWDvAFP,1996-11-27,4w0cBvy6wMmV8iA60cTYXl,0.857,0.527,-8.694,0.0534,0.134,2.4e-06,0.053,0.509,92.904
145,4JPDPdPodOHkdRAMSrO7X6,I Believe in You and Me - Record Version,The Preacher's Wife,Whitney Houston,6XpaIBNiVzIetEPCWDvAFP,1996-11-27,4JPDPdPodOHkdRAMSrO7X6,0.59,0.335,-10.66,0.0396,0.813,2.06e-05,0.0886,0.129,123.94
146,04Zv2pShCGDgeIu0uWan9H,Step by Step - Remix,The Preacher's Wife,Whitney Houston,6XpaIBNiVzIetEPCWDvAFP,1996-11-27,04Zv2pShCGDgeIu0uWan9H,0.809,0.711,-7.755,0.0415,0.0744,0.00248,0.12,0.668,116.02
147,69NIBgceLKSU8mijUqifBB,"Who Would Imagine A King - (From ""The Preacher's Wife"") (feat. The Nativity Choir From The Preacher's Wife)",The Preacher's Wife,Whitney Houston,6XpaIBNiVzIetEPCWDvAFP,1996-11-27,69NIBgceLKSU8mijUqifBB,0.22,0.145,-14.496,0.0364,0.926,0,0.261,0.227,86.74
148,7bbDkUs1DLscBOv8GuG5vw,He's All Over Me (with Shirley Caesar & Georgia Mass Choir),The Preacher's Wife,Whitney Houston,6XpaIBNiVzIetEPCWDvAFP,1996-11-27,7bbDkUs1DLscBOv8GuG5vw,0.458,0.937,-8.237,0.119,0.739,0,0.859,0.736,186.729
149,0Gizt0VIOGSRMje4pkfocJ,The Lord Is My Shepherd (with Hezekiah Walker And The Love Fellowship Choir),The Preacher's Wife,Whitney Houston,6XpaIBNiVzIetEPCWDvAFP,1996-11-27,0Gizt0VIOGSRMje4pkfocJ,0.218,0.475,-9.281,0.048,0.83,5.08e-06,0.154,0.253,198.219
150,0sKAxwRubZuqKadRspVY96,Joy to the World (with Georgia Mass Choir),The Preacher's Wife,Whitney Houston,6XpaIBNiVzIetEPCWDvAFP,1996-11-27,0sKAxwRubZuqKadRspVY96,0.328,0.708,-8.06,0.183,0.629,0,0.118,0.428,173.001
151,4eHbdreAnSOrDDsFfc4Fpm,I Will Always Love You,The Bodyguard - Original Soundtrack Album,Whitney Houston,6XpaIBNiVzIetEPCWDvAFP,1992-11-17,4eHbdreAnSOrDDsFfc4Fpm,0.332,0.214,-12.518,0.0349,0.845,5.62e-06,0.0839,0.11,67.531
152,31er9IGsfFbwqy1pH4aiTP,I Have Nothing,The Bodyguard - Original Soundtrack Album,Whitney Houston,6XpaIBNiVzIetEPCWDvAFP,1992-11-17,31er9IGsfFbwqy1pH4aiTP,0.541,0.401,-10.499,0.0365,0.576,0,0.164,0.24,152.943
153,2eHj0klWkwRQuIrNlPpCPa,I'm Every Woman,The Bodyguard - Original Soundtrack Album,Whitney Houston,6XpaIBNiVzIetEPCWDvAFP,1992-11-17,2eHj0klWkwRQuIrNlPpCPa,0.665,0.847,-8.314,0.0535,0.0178,0.00288,0.126,0.4,119.555
154,6M1M6cRtVkm5d0qTzkSEuK,Run to You,The Bodyguard - Original Soundtrack Album,Whitney Houston,6XpaIBNiVzIetEPCWDvAFP,1992-11-17,6M1M6cRtVkm5d0qTzkSEuK,0.368,0.364,-10.21,0.0318,0.628,0,0.157,0.131,76.923
155,7lARcL3Gu0wKcPcQ3t9xiF,Queen of the Night - Radio Edit,The Bodyguard - Original Soundtrack Album,Whitney Houston,6XpaIBNiVzIetEPCWDvAFP,1992-11-17,7lARcL3Gu0wKcPcQ3t9xiF,0.741,0.899,-7.13,0.0445,0.000656,0.0137,0.0991,0.757,104.895
156,77ld03vIqCjakQkIQBPTVA,Jesus Loves Me,The Bodyguard - Original Soundtrack Album,Whitney Houston,6XpaIBNiVzIetEPCWDvAFP,1992-11-17,77ld03vIqCjakQkIQBPTVA,0.534,0.396,-13.222,0.0313,0.549,1.32e-05,0.0568,0.283,134.335
157,0XyJW5i0GSBrKAzs0c2jr1,Even If My Heart Would Break,The Bodyguard - Original Soundtrack Album,Whitney Houston,6XpaIBNiVzIetEPCWDvAFP,1992-11-17,0XyJW5i0GSBrKAzs0c2jr1,0.515,0.452,-12.089,0.0565,0.0402,0,0.045,0.321,157.748
158,2uu2bgubcIjivmsVbYgivF,Someday (I'm Coming Back),The Bodyguard - Original Soundtrack Album,Whitney Houston,6XpaIBNiVzIetEPCWDvAFP,1992-11-17,2uu2bgubcIjivmsVbYgivF,0.76,0.554,-14.022,0.0499,0.3,0.00063,0.0847,0.852,128.944
159,5A5Ej8R3QY9xb98dmVowmL,It's Gonna Be A Lovely Day,The Bodyguard - Original Soundtrack Album,Whitney Houston,6XpaIBNiVzIetEPCWDvAFP,1992-11-17,5A5Ej8R3QY9xb98dmVowmL,0.66,0.617,-12.425,0.0454,0.00138,0.265,0.625,0.486,98.613
160,3cbHPZT4Dl9WJ6QsTvE9Dc,"What's So Funny 'Bout Peace, Love And Understanding",The Bodyguard - Original Soundtrack Album,Whitney Houston,6XpaIBNiVzIetEPCWDvAFP,1992-11-17,3cbHPZT4Dl9WJ6QsTvE9Dc,0.52,0.931,-8.739,0.0415,0.069,3.59e-06,0.14,0.904,156.017
161,7pFzrCFu9rDXwpACjPM18q,Theme From The Bodyguard,The Bodyguard - Original Soundtrack Album,Whitney Houston,6XpaIBNiVzIetEPCWDvAFP,1992-11-17,7pFzrCFu9rDXwpACjPM18q,0.117,0.0857,-19.536,0.0411,0.909,0.933,0.111,0.0373,70.259
162,1QxMrnkL1MwMz1aOk54rFa,Trust In Me (feat. Sass Jordan),The Bodyguard - Original Soundtrack Album,Whitney Houston,6XpaIBNiVzIetEPCWDvAFP,1992-11-17,1QxMrnkL1MwMz1aOk54rFa,0.655,0.862,-7.749,0.0339,0.00658,4.9e-06,0.201,0.905,110.025
163,3SmPl0CGxvvkQCrTv7edEE,I'm Your Baby Tonight,I'm Your Baby Tonight,Whitney Houston,6XpaIBNiVzIetEPCWDvAFP,1990-11-04,3SmPl0CGxvvkQCrTv7edEE,0.665,0.899,-7.75,0.0877,0.303,2.21e-06,0.445,0.873,165.16
164,7623p8KZ24WTeO0NeIb4tV,My Name Is Not Susan,I'm Your Baby Tonight,Whitney Houston,6XpaIBNiVzIetEPCWDvAFP,1990-11-04,7623p8KZ24WTeO0NeIb4tV,0.787,0.899,-7.896,0.0562,0.178,0,0.358,0.536,101.098
165,07M76e7IXxYdnC1BBiJxEX,All The Man That I Need,I'm Your Baby Tonight,Whitney Houston,6XpaIBNiVzIetEPCWDvAFP,1990-11-04,07M76e7IXxYdnC1BBiJxEX,0.496,0.571,-9.958,0.0335,0.43,0,0.0332,0.25,150.944
166,2tYPx6gPuRDKOmoBZOGfNJ,Lover for Life,I'm Your Baby Tonight,Whitney Houston,6XpaIBNiVzIetEPCWDvAFP,1990-11-04,2tYPx6gPuRDKOmoBZOGfNJ,0.717,0.534,-11.214,0.0282,0.656,1.23e-06,0.0503,0.655,98.015
167,4bDVcRtHvVXiCdhwbq7Tpk,Anymore,I'm Your Baby Tonight,Whitney Houston,6XpaIBNiVzIetEPCWDvAFP,1990-11-04,4bDVcRtHvVXiCdhwbq7Tpk,0.796,0.861,-7.267,0.0671,0.202,0,0.243,0.879,114.178
168,6LuRPg5tHDwcyXvEvrtVxP,Miracle,I'm Your Baby Tonight,Whitney Houston,6XpaIBNiVzIetEPCWDvAFP,1990-11-04,6LuRPg5tHDwcyXvEvrtVxP,0.627,0.55,-9.52,0.0242,0.273,7.87e-06,0.262,0.5,111.003
169,1v432WiNGnjfsdDAjMJrxQ,I Belong To You,I'm Your Baby Tonight,Whitney Houston,6XpaIBNiVzIetEPCWDvAFP,1990-11-04,1v432WiNGnjfsdDAjMJrxQ,0.706,0.695,-9.459,0.0576,0.397,0,0.201,0.814,99.3
170,2dUFDcYgiXgDO7ohd52kRr,Who Do You Love,I'm Your Baby Tonight,Whitney Houston,6XpaIBNiVzIetEPCWDvAFP,1990-11-04,2dUFDcYgiXgDO7ohd52kRr,0.764,0.892,-7.953,0.0334,0.45,7.43e-06,0.279,0.949,117.187
171,6fFVwBQbgOsLgL7Mj7vJoN,We Didn't Know (with Stevie Wonder),I'm Your Baby Tonight,Whitney Houston,6XpaIBNiVzIetEPCWDvAFP,1990-11-04,6fFVwBQbgOsLgL7Mj7vJoN,0.755,0.731,-7.649,0.027,0.414,9.53e-06,0.0699,0.546,104.939
172,6K72MqCTSQTb1I6spurCTB,After We Make Love,I'm Your Baby Tonight,Whitney Houston,6XpaIBNiVzIetEPCWDvAFP,1990-11-04,6K72MqCTSQTb1I6spurCTB,0.44,0.455,-9.597,0.0297,0.646,7.43e-06,0.203,0.197,119.826
173,2mZKMwamr50x6vrcjVa4bK,I'm Knockin',I'm Your Baby Tonight,Whitney Houston,6XpaIBNiVzIetEPCWDvAFP,1990-11-04,2mZKMwamr50x6vrcjVa4bK,0.833,0.681,-10.233,0.098,0.159,0.000114,0.14,0.769,101.031
174,2tUBqZG2AbRi7Q0BIrVrEj,I Wanna Dance with Somebody (Who Loves Me),Whitney,Whitney Houston,6XpaIBNiVzIetEPCWDvAFP,1987-06-02,2tUBqZG2AbRi7Q0BIrVrEj,0.709,0.824,-8.824,0.0453,0.207,0.000307,0.0888,0.867,118.818
175,03I2WC8v4crMRBcjwyzmOy,Just the Lonely Talking Again,Whitney,Whitney Houston,6XpaIBNiVzIetEPCWDvAFP,1987-06-02,03I2WC8v4crMRBcjwyzmOy,0.43,0.388,-11.947,0.0411,0.72,0,0.163,0.542,67.038
176,4gDBc1RxPAvinJrZzZ9nYX,Love Will Save the Day,Whitney,Whitney Houston,6XpaIBNiVzIetEPCWDvAFP,1987-06-02,4gDBc1RxPAvinJrZzZ9nYX,0.758,0.843,-9.454,0.0482,0.197,4.11e-06,0.242,0.775,120.569
177,19wadMw1A8XejDV4p5wMt1,Didn't We Almost Have It All,Whitney,Whitney Houston,6XpaIBNiVzIetEPCWDvAFP,1987-06-02,19wadMw1A8XejDV4p5wMt1,0.54,0.49,-10.151,0.027,0.414,0.000896,0.142,0.336,130.992
178,4l2Edgdj4vla02GCh7YyAv,So Emotional,Whitney,Whitney Houston,6XpaIBNiVzIetEPCWDvAFP,1987-06-02,4l2Edgdj4vla02GCh7YyAv,0.698,0.791,-10.012,0.0495,0.271,4.74e-05,0.199,0.809,119.081
179,4vcCPWXgVk8B4xdgshk6cI,Where You Are,Whitney,Whitney Houston,6XpaIBNiVzIetEPCWDvAFP,1987-06-02,4vcCPWXgVk8B4xdgshk6cI,0.362,0.416,-10.797,0.0375,0.787,0,0.0713,0.373,68.328
180,3mSoszSicci7wGb0lDKftK,Love Is a Contact Sport,Whitney,Whitney Houston,6XpaIBNiVzIetEPCWDvAFP,1987-06-02,3mSoszSicci7wGb0lDKftK,0.641,0.74,-9.257,0.0382,0.0644,2e-06,0.125,0.905,174.687
181,2csRQWI7A2FjLYBQBiAIoi,You're Still My Man,Whitney,Whitney Houston,6XpaIBNiVzIetEPCWDvAFP,1987-06-02,2csRQWI7A2FjLYBQBiAIoi,0.548,0.505,-9.496,0.0295,0.684,3.58e-06,0.226,0.308,131.743
182,2MJQbnpAPKR83FFk19Bq3p,For the Love of You,Whitney,Whitney Houston,6XpaIBNiVzIetEPCWDvAFP,1987-06-02,2MJQbnpAPKR83FFk19Bq3p,0.698,0.464,-12.645,0.0327,0.733,0,0.0745,0.786,100.814
183,7tLtIZclwLWk54PFAyDv5T,Where Do Broken Hearts Go,Whitney,Whitney Houston,6XpaIBNiVzIetEPCWDvAFP,1987-06-02,7tLtIZclwLWk54PFAyDv5T,0.462,0.385,-12.173,0.0291,0.635,0,0.0682,0.244,61.876
184,0s5foteQsQsBskBZMrExLO,"I Know Him So Well - from ""Chess""",Whitney,Whitney Houston,6XpaIBNiVzIetEPCWDvAFP,1987-06-02,0s5foteQsQsBskBZMrExLO,0.497,0.329,-13.647,0.0336,0.571,0,0.145,0.159,127.974
185,2kfB5H5vNYcG87SKabmKCa,How Will I Know - Dance Remix,Whitney Dancin' Special,Whitney Houston,6XpaIBNiVzIetEPCWDvAFP,1986-11-01,2kfB5H5vNYcG87SKabmKCa,0.931,0.606,-9.809,0.0494,0.0901,0.00048,0.486,0.67,119.127
186,1w4VpznsRNoLTlfTU6pxkM,You Give Good Love - Extended Dance Version,Whitney Dancin' Special,Whitney Houston,6XpaIBNiVzIetEPCWDvAFP,1986-11-01,1w4VpznsRNoLTlfTU6pxkM,0.483,0.501,-8.541,0.0376,0.738,0,0.402,0.476,149.828
187,6gwPlu6WlaSAXOVzHYVHPB,Thinking About You - Bruce Forest Dance Remix,Whitney Dancin' Special,Whitney Houston,6XpaIBNiVzIetEPCWDvAFP,1986-11-01,6gwPlu6WlaSAXOVzHYVHPB,0.823,0.467,-11.46,0.0608,0.0199,0.00169,0.0954,0.475,119.124
188,6MJ9ZTPMZoRPC7n5FTth1O,Someone for Me - Alan The Judge Coulthard Remix,Whitney Dancin' Special,Whitney Houston,6XpaIBNiVzIetEPCWDvAFP,1986-11-01,6MJ9ZTPMZoRPC7n5FTth1O,0.79,0.837,-8.882,0.0488,0.0372,0.00878,0.0885,0.967,124.105
189,5o6WbzoL27vopm855cGhQb,Thinking About You - Bruce Forest Dub Version,Whitney Dancin' Special,Whitney Houston,6XpaIBNiVzIetEPCWDvAFP,1986-11-01,5o6WbzoL27vopm855cGhQb,0.831,0.393,-14.924,0.0552,0.0197,0.00119,0.239,0.43,119.101
190,6lBZvCMdUXdSH165j7IDjL,How Will I Know - Instrumental Version,Whitney Dancin' Special,Whitney Houston,6XpaIBNiVzIetEPCWDvAFP,1986-11-01,6lBZvCMdUXdSH165j7IDjL,0.891,0.693,-10.953,0.0411,0.0769,0.918,0.115,0.697,119.244
191,0GY4MEgkUjXrqFSPwxyauZ,You Give Good Love - Extended Alternate Dance Version,Whitney Dancin' Special,Whitney Houston,6XpaIBNiVzIetEPCWDvAFP,1986-11-01,0GY4MEgkUjXrqFSPwxyauZ,0.551,0.519,-8.406,0.0399,0.778,0,0.184,0.477,75.063
192,2BmrTfv7o5fMApOtEHWhXX,You Give Good Love,Whitney Houston (The Deluxe Anniversary Edition),Whitney Houston,6XpaIBNiVzIetEPCWDvAFP,1985-02-14,2BmrTfv7o5fMApOtEHWhXX,0.491,0.514,-7.809,0.04,0.699,0,0.0924,0.491,149.833
193,5GNDlkBSY1USuaAI0AkGxJ,Thinking About You,Whitney Houston (The Deluxe Anniversary Edition),Whitney Houston,6XpaIBNiVzIetEPCWDvAFP,1985-02-14,5GNDlkBSY1USuaAI0AkGxJ,0.858,0.512,-10.643,0.0611,0.23,0,0.0557,0.596,120.136
194,7jdJrdkpvotCxBIcjbpg7d,Someone For Me,Whitney Houston (The Deluxe Anniversary Edition),Whitney Houston,6XpaIBNiVzIetEPCWDvAFP,1985-02-14,7jdJrdkpvotCxBIcjbpg7d,0.863,0.707,-9.696,0.037,0.0783,0.00307,0.0562,0.924,124.266
195,2KtQEHv44Y1US0iaJ41pRA,Saving All My Love for You,Whitney Houston (The Deluxe Anniversary Edition),Whitney Houston,6XpaIBNiVzIetEPCWDvAFP,1985-02-14,2KtQEHv44Y1US0iaJ41pRA,0.404,0.379,-8.887,0.0315,0.594,2.77e-05,0.0912,0.242,198.452
196,7Febrv2oexytTxRChA3jra,Nobody Loves Me Like You Do (with Jermaine Jackson),Whitney Houston (The Deluxe Anniversary Edition),Whitney Houston,6XpaIBNiVzIetEPCWDvAFP,1985-02-14,7Febrv2oexytTxRChA3jra,0.382,0.294,-12.107,0.0306,0.683,2.38e-06,0.299,0.117,124.446
197,7mMWGhaIiDmbsGaAAcmwGm,How Will I Know,Whitney Houston (The Deluxe Anniversary Edition),Whitney Houston,6XpaIBNiVzIetEPCWDvAFP,1985-02-14,7mMWGhaIiDmbsGaAAcmwGm,0.844,0.709,-6.801,0.0443,0.204,4.85e-05,0.62,0.923,119.486
198,5YHtQaUrOdKHeyDPHvVa6x,All at Once,Whitney Houston (The Deluxe Anniversary Edition),Whitney Houston,6XpaIBNiVzIetEPCWDvAFP,1985-02-14,5YHtQaUrOdKHeyDPHvVa6x,0.587,0.46,-11.357,0.0276,0.512,0,0.14,0.3,132.75
199,6Pu7Figfp6j7nFtOupPDDl,Take Good Care of My Heart (with Jermaine Jackson),Whitney Houston (The Deluxe Anniversary Edition),Whitney Houston,6XpaIBNiVzIetEPCWDvAFP,1985-02-14,6Pu7Figfp6j7nFtOupPDDl,0.713,0.782,-8.617,0.0378,0.248,0,0.0721,0.834,112.226
200,3yOzDXX8cTz25jid6uKTFD,Greatest Love of All,Whitney Houston (The Deluxe Anniversary Edition),Whitney Houston,6XpaIBNiVzIetEPCWDvAFP,1985-02-14,3yOzDXX8cTz25jid6uKTFD,0.534,0.399,-10.45,0.0324,0.682,0,0.172,0.29,130.961
201,3Ff5RUXCoENkZg7QTdMIOJ,Hold Me (with Teddy Pendergrass),Whitney Houston (The Deluxe Anniversary Edition),Whitney Houston,6XpaIBNiVzIetEPCWDvAFP,1985-02-14,3Ff5RUXCoENkZg7QTdMIOJ,0.545,0.377,-12.866,0.0274,0.399,0,0.159,0.199,116.249
202,5MirlDZUCR22JyZM14VRDw,Thinking About You - Bruce Forest Dance Remix,Whitney Houston (The Deluxe Anniversary Edition),Whitney Houston,6XpaIBNiVzIetEPCWDvAFP,1985-02-14,5MirlDZUCR22JyZM14VRDw,0.821,0.46,-11.744,0.0605,0.0202,0.00408,0.0792,0.551,119.151
203,7f0AZTDhM4uZijI2OtiFLw,Someone For Me - Alan The Judge Coulthard Remix,Whitney Houston (The Deluxe Anniversary Edition),Whitney Houston,6XpaIBNiVzIetEPCWDvAFP,1985-02-14,7f0AZTDhM4uZijI2OtiFLw,0.798,0.848,-8.274,0.05,0.0362,0.00584,0.0463,0.967,123.825
204,3WknyQZuIAbD3RajSUMXbY,How Will I Know - The Voice - A cappella Mix,Whitney Houston (The Deluxe Anniversary Edition),Whitney Houston,6XpaIBNiVzIetEPCWDvAFP,1985-02-14,3WknyQZuIAbD3RajSUMXbY,0.592,0.228,-14.942,0.314,0.945,0,0.628,0.413,118.306
205,1dW1kgruSVDh57IsBfuocK,"How Will I Know - John ""Jellybean"" Benitez Remix",Whitney Houston (The Deluxe Anniversary Edition),Whitney Houston,6XpaIBNiVzIetEPCWDvAFP,1985-02-14,1dW1kgruSVDh57IsBfuocK,0.93,0.588,-10.582,0.0484,0.072,0.00039,0.366,0.729,119.069
206,7FHmQOpMo25rPnZeUmCLEQ,"Greatest Love of All - Live at Radio City Music Hall, New York, NY - March 1990",Whitney Houston (The Deluxe Anniversary Edition),Whitney Houston,6XpaIBNiVzIetEPCWDvAFP,1985-02-14,7FHmQOpMo25rPnZeUmCLEQ,0.311,0.606,-8.264,0.0702,0.63,0,0.984,0.265,112.029
207,0t6DdFmFQhQYWhmfa5FJer,You Give Good Love,Whitney Houston,Whitney Houston,6XpaIBNiVzIetEPCWDvAFP,1985-02-14,0t6DdFmFQhQYWhmfa5FJer,0.559,0.365,-13.654,0.0332,0.686,0,0.0771,0.534,74.802
208,1ZEsUSRSOuessvFDC1Kpk1,Thinking About You,Whitney Houston,Whitney Houston,6XpaIBNiVzIetEPCWDvAFP,1985-02-14,1ZEsUSRSOuessvFDC1Kpk1,0.856,0.343,-16.479,0.0617,0.257,0,0.0584,0.744,119.94
209,57gkU8WvqF62FTRDIIHqjH,Someone For Me,Whitney Houston,Whitney Houston,6XpaIBNiVzIetEPCWDvAFP,1985-02-14,57gkU8WvqF62FTRDIIHqjH,0.858,0.543,-15.417,0.0424,0.0757,0.00953,0.255,0.927,124.12
210,1lx8ddGT5wCD6W2xmLeRKG,Saving All My Love for You,Whitney Houston,Whitney Houston,6XpaIBNiVzIetEPCWDvAFP,1985-02-14,1lx8ddGT5wCD6W2xmLeRKG,0.636,0.264,-14.567,0.0263,0.593,4.22e-05,0.275,0.264,99.304
211,72NcOvvGdarZaOyKMNHZ1m,Nobody Loves Me Like You Do (with Jermaine Jackson),Whitney Houston,Whitney Houston,6XpaIBNiVzIetEPCWDvAFP,1985-02-14,72NcOvvGdarZaOyKMNHZ1m,0.388,0.177,-17.819,0.0325,0.683,8.97e-06,0.261,0.106,124.444
212,5tdKaKLnC4SgtDZ6RlWeal,How Will I Know,Whitney Houston,Whitney Houston,6XpaIBNiVzIetEPCWDvAFP,1985-02-14,5tdKaKLnC4SgtDZ6RlWeal,0.832,0.544,-12.697,0.0442,0.201,0.000139,0.632,0.928,119.49
213,0g8Q1Pmem92k7PzI3VLWKz,All at Once,Whitney Houston,Whitney Houston,6XpaIBNiVzIetEPCWDvAFP,1985-02-14,0g8Q1Pmem92k7PzI3VLWKz,0.58,0.325,-16.16,0.0294,0.539,0,0.135,0.342,132.548
214,2rzea165xVSd8sIgBvKN8j,Take Good Care of My Heart (with Jermaine Jackson),Whitney Houston,Whitney Houston,6XpaIBNiVzIetEPCWDvAFP,1985-02-14,2rzea165xVSd8sIgBvKN8j,0.71,0.591,-14.566,0.04,0.212,2.05e-06,0.181,0.841,112.078
215,6yJxCltgtmGxIgKOS6ndnu,Greatest Love of All,Whitney Houston,Whitney Houston,6XpaIBNiVzIetEPCWDvAFP,1985-02-14,6yJxCltgtmGxIgKOS6ndnu,0.502,0.305,-16.011,0.0339,0.484,3.55e-06,0.117,0.248,131.242
216,00W1p1EeD140DHSrVjhhlR,Hold Me (with Teddy Pendergrass),Whitney Houston,Whitney Houston,6XpaIBNiVzIetEPCWDvAFP,1985-02-14,00W1p1EeD140DHSrVjhhlR,0.537,0.263,-17.92,0.0291,0.379,2.81e-06,0.162,0.21,116.094
217,6gtZqFjRz5ONnuRCvmqNUU,Don't Cry For Me - Extended Mix,Don't Cry For Me (The Remixes),Whitney Houston,6XpaIBNiVzIetEPCWDvAFP,2023-02-03,6gtZqFjRz5ONnuRCvmqNUU,0.742,0.723,-5.829,0.0363,0.00388,0.00188,0.0648,0.428,123.889
218,1uiXG9v6UF8rsdnGsd5LEJ,Don't Cry For Me,Don't Cry For Me (The Remixes),Whitney Houston,6XpaIBNiVzIetEPCWDvAFP,2023-02-03,1uiXG9v6UF8rsdnGsd5LEJ,0.604,0.603,-8.487,0.0364,0.00811,0.000135,0.346,0.248,123.952
219,4fl5jtT0HdE1CU0XtquCQc,Don't Cry For Me - Instrumental,Don't Cry For Me (The Remixes),Whitney Houston,6XpaIBNiVzIetEPCWDvAFP,2023-02-03,4fl5jtT0HdE1CU0XtquCQc,0.707,0.63,-7.325,0.0276,0.00195,0.819,0.0649,0.358,123.895
220,62WjuDhFRSzC7qJyfcvXUY,Don't Cry For Me - Thunderpuss Reunion Extended Remix,Don't Cry For Me (The Remixes),Whitney Houston,6XpaIBNiVzIetEPCWDvAFP,2023-02-03,62WjuDhFRSzC7qJyfcvXUY,0.677,0.828,-7.215,0.0392,0.00204,0.00267,0.0553,0.625,123.996
221,4skt41Fs4au2x1KzgHztrv,Don't Cry For Me - Thunderpuss Reunion Remix,Don't Cry For Me (The Remixes),Whitney Houston,6XpaIBNiVzIetEPCWDvAFP,2023-02-03,4skt41Fs4au2x1KzgHztrv,0.641,0.826,-5.604,0.0454,0.109,0,0.109,0.429,123.971
222,4fmOSpPbY7eM2y8x6ZomQJ,Don't Cry For Me - Thunderpuss Reunion Instrumental,Don't Cry For Me (The Remixes),Whitney Houston,6XpaIBNiVzIetEPCWDvAFP,2023-02-03,4fmOSpPbY7eM2y8x6ZomQJ,0.774,0.773,-8.412,0.0393,0.0049,0.632,0.109,0.413,123.99
223,4vFOZoXtE70irfdTRJD722,Don't Cry For Me - Mark Knight Extended Remix,Don't Cry For Me (The Remixes),Whitney Houston,6XpaIBNiVzIetEPCWDvAFP,2023-02-03,4vFOZoXtE70irfdTRJD722,0.755,0.939,-4.112,0.102,0.00395,0.465,0.0451,0.478,124.002
224,46UF5p8aihRkpFGISOa1ck,Don't Cry For Me - Mark Knight Remix,Don't Cry For Me (The Remixes),Whitney Houston,6XpaIBNiVzIetEPCWDvAFP,2023-02-03,46UF5p8aihRkpFGISOa1ck,0.652,0.964,-3.48,0.0948,0.0524,0.0585,0.122,0.512,123.988
225,58hpuF8pRrqslHA5rD7GSa,Don't Cry For Me - Mark Knight Instrumental,Don't Cry For Me (The Remixes),Whitney Houston,6XpaIBNiVzIetEPCWDvAFP,2023-02-03,58hpuF8pRrqslHA5rD7GSa,0.786,0.952,-5.226,0.0564,0.00377,0.797,0.0423,0.328,124.028
226,0N3vADt3sLOxSZAYRHzJgs,Don't Cry For Me - Darkchild Film Version,Don't Cry For Me (The Remixes),Whitney Houston,6XpaIBNiVzIetEPCWDvAFP,2023-02-03,0N3vADt3sLOxSZAYRHzJgs,0.377,0.288,-9.308,0.0303,0.0679,7.72e-06,0.121,0.135,123.897
227,0Anu54ZPDnpT8uzzTzKKuI,Don't Cry For Me - A Cappella,Don't Cry For Me (The Remixes),Whitney Houston,6XpaIBNiVzIetEPCWDvAFP,2023-02-03,0Anu54ZPDnpT8uzzTzKKuI,0.345,0.0839,-10.07,0.0769,0.833,0,0.0576,0.0937,177.362
228,6LOpveSmYGW6S0x69fSuEF,Don't Cry For Me - Thunderpuss Reunion Remix,Don't Cry For Me (Thunderpuss Reunion Remix),Whitney Houston,6XpaIBNiVzIetEPCWDvAFP,2023-01-18,6LOpveSmYGW6S0x69fSuEF,0.641,0.826,-5.604,0.0454,0.109,0,0.109,0.429,123.971
229,16pGNaNDM90qW1bNopHxAM,You'll Never Stand Alone - Moto Blanco Remix,You'll Never Stand Alone (Moto Blanco Remix),Whitney Houston,6XpaIBNiVzIetEPCWDvAFP,2022-12-15,16pGNaNDM90qW1bNopHxAM,0.737,0.818,-7.307,0.0477,0.00894,6.24e-06,0.327,0.754,124.032
230,360UUtnLhTotPeik1PMufx,Tomorrow,Tomorrow,Whitney Houston,6XpaIBNiVzIetEPCWDvAFP,2022-12-15,360UUtnLhTotPeik1PMufx,0.524,0.199,-13.841,0.0298,0.829,0,0.0934,0.605,106.876
